{
   "View4": {
      "position": {
         "y": 3520.9485544236422, 
         "x": 769.5245704438755, 
         "z": 1784.6531325201443
      }, 
      "rotation": {
         "_order": "XYZ", 
         "_z": 0.37098929688397514, 
         "_y": 0.19252935986813943, 
         "_x": -1.1016701219806166
      }, 
      "name": "View4"
   }, 
   "View1": {
      "position": {
         "y": 1340.8905462408009, 
         "x": 3682.6066053051472, 
         "z": 902.5822535334953
      }, 
      "rotation": {
         "_order": "XYZ", 
         "_z": 0.42588498007898573, 
         "_y": 1.1571952454665166, 
         "_x": -0.9783383469412891
      }, 
      "name": "View1"
   }, 
   "View2": {
      "position": {
         "y": 1904.6408952908455, 
         "x": 1560.9541780371894, 
         "z": -3179.622415457936
      }, 
      "rotation": {
         "_order": "XYZ", 
         "_z": 1.8372417496182658, 
         "_y": 0.39860269870602305, 
         "_x": -2.6018978652157054
      }, 
      "name": "View2"
   }, 
   "View3": {
      "position": {
         "y": 954.0457119624065, 
         "x": 1822.4831258937425, 
         "z": 3455.804627890214
      }, 
      "rotation": {
         "_order": "XYZ", 
         "_z": 0.13569220318986405, 
         "_y": 0.4703071476713697, 
         "_x": -0.26936118357745886
      }, 
      "name": "View3"
   }
}