{
   "View1": {
      "position": {
         "y": 7301.885828326011, 
         "x": 1606.600083962183, 
         "z": -120.55091826269346
      }, 
      "rotation": {
         "_order": "XYZ", 
         "_z": 1.102617118659187, 
         "_y": 0.21654592374891643, 
         "_x": -1.587304395909658
      }, 
      "name": "View1"
   }, 
   "View2": {
      "position": {
         "y": 1670.9519112556811, 
         "x": 174.69772674658836, 
         "z": 3651.746294956702
      }, 
      "rotation": {
         "_order": "XYZ", 
         "_z": 0.01375469769352895, 
         "_y": 0.04347426718743776, 
         "_x": -0.42913634223836455
      }, 
      "name": "View2"
   }, 
   "View3": {
      "position": {
         "y": 5632.720145806064, 
         "x": 136.400801669452, 
         "z": 70.28330164591279
      }, 
      "rotation": {
         "_order": "XYZ", 
         "_z": -0.08491869709284967, 
         "_y": -0.2896390150570479, 
         "_x": -1.5227368567019377
      }, 
      "name": "View3"
   }, 
   "Mark1": {
      "position": {
         "y": 2, 
         "x": 0, 
         "z": 0
      }, 
      "name": "Mark1"
   }, 
   "Mark2": {
      "position": {
         "y": 5, 
         "x": 0, 
         "z": -10
      }, 
      "name": "Mark2"
   }, 
   "Mark3": {
      "position": {
         "y": 10, 
         "x": 0, 
         "z": -30
      }, 
      "name": "Mark3"
   }
}